{
    "ad_emissions": {
        "IPCC_default_values": {
            "CH4_kg_per_ton": 1,
            "N2O_kg_per_ton": 0
        }
    },
    "fuel_data": {
        "Fuel Type": ["LPG", "Gasoline", "Kerosene", "Diesel", "Natural Gas"],
        "Energy Content (MJ/L)": [25.07, 35.44, 35.28, 36.37, 0.03],
        "CO2 Emission Factor (kg/MJ)": [0.0631, 0.0693, 0.0716, 0.0741, 0.056],
        "CH4 Emission Factor (kg/MJ)": [0.000003, 0.000003, 0.000003, 0.000003, 0.0000003],
        "N2O Emission Factor (kg/MJ)": [0.0000006, 0.0000006, 0.0000006, 0.0000006, 0.0000001],
        "BC Emissions (kg/MJ)": [0.0000234, 0.0000234, 0.0000234, 0.0000234, 0.00000005],
        "Fuel Density (kg/L)": [0.53, 0.8, 0.8, 0.84, 0.00074]
    }
}