{
    "fuel_data": {
        "Fuel Type": ["LPG", "Gasoline", "Kerosene", "Diesel", "Natural Gas", "Coal"],
        "Energy Content (MJ/L)": [25.069, 35.44, 35.28, 36.372, 0.0333, 23.86],
        "CO2 Emission Factor (kg/MJ)": [0.0631, 0.0693, 0.0719, 0.0741, 0.0561, 0.0983],
        "CH4 Emission Factor (kg/MJ)": [0.000003, 0.000003, 0.000003, 0.000003, 0.0000003, 0.000001],
        "N2O Emission Factor (kg/MJ)": [0.0000006, 0.0000006, 0.0000006, 0.0000006, 0.0000001, 0.0000015],
        "BC Emission Factor (kg/MJ)": [0.0000234, 0.0000234, 0.0000234, 0.0000234, 0.00000005, 0.00001408],
        "Fuel Density (kg/L)": [0.51, 0.8, 0.8, 0.84, 0.00074, 1]
    },
    "electricity_grid_factor": {
        "CO2 kg-eq/kWh": 0.896515846
    }
}