{
    "transportation": {
        "ch4_emissions": 1.4705280000000002e-05,
        "co2_emissions": 0.6439513030564102,
        "n2o_emissions": 4.235760000000001e-06,
        "bc_emissions": 9.989408000000002e-05,
        "total_emissions": 0.6440701381764102,
        "total_emissions_avoid": 0,
        "net_emissions": 0.6440701381764102
    }
}